{"longs":[-95.712891,-95.712891,100.6196553,18.643501,15.2551187,4.3303277,2.3522219,-95.712891,18.0685808,21.824312,17.9278536,-81.5157535,13.003822,-73.1709604,-95.712891,-83.7199136,8.6724335,8.4660395,-111.9265852,-73.9739119,-87.6236084,-76.727745,2.213749,12.9262851,15.827659,-98.4842465,113.4711906,-96.8209791,-80.003443,-94.9637239,28.4630376,-3.435973,-113.1882792,-73.1709604,127.766922,-90.230759,-93.2650108],"lats":[37.09024,37.09024,34.047863,60.128161,54.5259614,50.8522009,48.856614,37.09024,59.3293235,39.074208,59.388791,27.6648274,55.604981,44.4669941,37.09024,34.6567728,49.3987524,49.4874592,33.5243838,40.7623737,41.8876736,39.9625984,46.227638,10.2300928,-0.228021,39.011902,52.0515032,31.8381816,40.441888,29.3620373,-26.2607243,55.378051,37.208316,44.4669941,35.907757,15.783471,44.977753]}